{
  "version": 1,
  "name": "hybrid-heldout-grid-v1",
  "feature_names": [
    "bias",
    "occupancy",
    "information",
    "center",
    "edge",
    "parity",
    "neighbor_occupancy",
    "placement_prior",
    "adjacent_hits",
    "line_extension",
    "sink_probability",
    "active_ship_probability"
  ],
  "hunt_weights": [
    0,
    1,
    0,
    0,
    0,
    0.12,
    0,
    0,
    0,
    0,
    0,
    0
  ],
  "target_weights": [
    0,
    0.75,
    0,
    0,
    0,
    0,
    0,
    0,
    0,
    0,
    5.5,
    8
  ],
  "cell_prior": [
    0.5,
    0.5,
    0.5,
    0.5,
    0.5,
    0.5,
    0.5,
    0.5,
    0.5,
    0.5,
    0.5,
    0.5,
    0.5,
    0.5,
    0.5,
    0.5,
    0.5,
    0.5,
    0.5,
    0.5,
    0.5,
    0.5,
    0.5,
    0.5,
    0.5,
    0.5,
    0.5,
    0.5,
    0.5,
    0.5,
    0.5,
    0.5,
    0.5,
    0.5,
    0.5,
    0.5,
    0.5,
    0.5,
    0.5,
    0.5,
    0.5,
    0.5,
    0.5,
    0.5,
    0.5,
    0.5,
    0.5,
    0.5,
    0.5,
    0.5,
    0.5,
    0.5,
    0.5,
    0.5,
    0.5,
    0.5,
    0.5,
    0.5,
    0.5,
    0.5,
    0.5,
    0.5,
    0.5,
    0.5,
    0.5,
    0.5,
    0.5,
    0.5,
    0.5,
    0.5,
    0.5,
    0.5,
    0.5,
    0.5,
    0.5,
    0.5,
    0.5,
    0.5,
    0.5,
    0.5,
    0.5,
    0.5,
    0.5,
    0.5,
    0.5,
    0.5,
    0.5,
    0.5
  ],
  "training": {
    "method": "held-out grid self-play",
    "generated_at": "2026-07-12T01:55:13.664Z",
    "training_games": 60,
    "validation_games": 100,
    "selected_parameters": {
      "information": 0,
      "parity": 0.12,
      "sink": 5.5
    },
    "baseline_validation_average": 44.04,
    "selected_validation_average": 42.81,
    "selected_validation_sd": 8.431719872007125,
    "elapsed_seconds": 25.7545754
  }
}
